x,t,VTX
1,99,1.097
2,99,1.097
3,99,1.097
4,99,1.097
5,99,1.097
6,99,1.097
7,99,1.097
8,99,1.097
9,99,1.097
10,99,1.097
11,99,1.097
12,99,1.097
13,99,1.097
14,99,1.097
15,99,1.097
16,99,1.097
17,99,1.097
18,99,1.097
19,99,1.097
20,99,1.097
21,99,1.097
1,98,3.49201
2,98,3.78307
3,98,3.78307
4,98,3.78307
5,98,3.78307
6,98,3.78307
7,98,3.78307
8,98,3.78307
9,98,3.78307
10,98,3.78307
11,98,3.78307
12,98,3.78307
13,98,3.78307
14,98,3.78307
15,98,3.78307
16,98,3.78307
17,98,3.78307
18,98,3.78307
19,98,3.78307
20,98,3.78307
21,98,3.78307
1,97,4.74278
2,97,5.6664
3,97,5.7375
4,97,5.7375
5,97,5.7375
6,97,5.7375
7,97,5.7375
8,97,5.7375
9,97,5.7375
10,97,5.7375
11,97,5.7375
12,97,5.7375
13,97,5.7375
14,97,5.7375
15,97,5.7375
16,97,5.7375
17,97,5.7375
18,97,5.7375
19,97,5.7375
20,97,5.7375
21,97,5.7375
1,96,5.00327
2,96,6.4293
3,96,6.71182
4,96,6.72946
5,96,6.72946
6,96,6.72946
7,96,6.72946
8,96,6.72946
9,96,6.72946
10,96,6.72946
11,96,6.72946
12,96,6.72946
13,96,6.72946
14,96,6.72946
15,96,6.72946
16,96,6.72946
17,96,6.72946
18,96,6.72946
19,96,6.72946
20,96,6.72946
21,96,6.72946
1,95,5.06676
2,95,6.69537
3,95,7.1293
4,95,7.18763
5,95,7.19033
6,95,7.19033
7,95,7.19033
8,95,7.19033
9,95,7.19033
10,95,7.19033
11,95,7.19033
12,95,7.19033
13,95,7.19033
14,95,7.19033
15,95,7.19033
16,95,7.19033
17,95,7.19033
18,95,7.19033
19,95,7.19033
20,95,7.19033
21,95,7.19033
1,94,5.22804
2,94,7.13927
3,94,7.75783
4,94,7.88236
5,94,7.89751
6,94,7.89815
7,94,7.89815
8,94,7.89815
9,94,7.89815
10,94,7.89815
11,94,7.89815
12,94,7.89815
13,94,7.89815
14,94,7.89815
15,94,7.89815
16,94,7.89815
17,94,7.89815
18,94,7.89815
19,94,7.89815
20,94,7.89815
21,94,7.89815
1,93,5.57609
2,93,7.925
3,93,8.83307
4,93,9.09691
5,93,9.14634
6,93,9.15152
7,93,9.15172
8,93,9.15172
9,93,9.15172
10,93,9.15172
11,93,9.15172
12,93,9.15172
13,93,9.15172
14,93,9.15172
15,93,9.15172
16,93,9.15172
17,93,9.15172
18,93,9.15172
19,93,9.15172
20,93,9.15172
21,93,9.15172
1,92,6.34241
2,92,9.2741
3,92,10.5653
4,92,11.0396
5,92,11.1616
6,92,11.1818
7,92,11.1837
8,92,11.1838
9,92,11.1838
10,92,11.1838
11,92,11.1838
12,92,11.1838
13,92,11.1838
14,92,11.1838
15,92,11.1838
16,92,11.1838
17,92,11.1838
18,92,11.1838
19,92,11.1838
20,92,11.1838
21,92,11.1838
1,91,6.6759
2,91,10.0034
3,91,11.627
4,91,12.3232
5,91,12.5452
6,91,12.6017
7,91,12.6101
8,91,12.6108
9,91,12.6108
10,91,12.6108
11,91,12.6108
12,91,12.6108
13,91,12.6108
14,91,12.6108
15,91,12.6108
16,91,12.6108
17,91,12.6108
18,91,12.6108
19,91,12.6108
20,91,12.6108
21,91,12.6108
1,90,6.78424
2,90,10.3379
3,90,12.2187
4,90,13.1338
5,90,13.4993
6,90,13.6127
7,90,13.6376
8,90,13.641
9,90,13.6412
10,90,13.6412
11,90,13.6412
12,90,13.6412
13,90,13.6412
14,90,13.6412
15,90,13.6412
16,90,13.6412
17,90,13.6412
18,90,13.6412
19,90,13.6412
20,90,13.6412
21,90,13.6412
1,89,6.85963
2,89,10.5787
3,89,12.6582
4,89,13.7559
5,89,14.2598
6,89,14.4459
7,89,14.4964
8,89,14.506
9,89,14.5071
10,89,14.5072
11,89,14.5072
12,89,14.5072
13,89,14.5072
14,89,14.5072
15,89,14.5072
16,89,14.5072
17,89,14.5072
18,89,14.5072
19,89,14.5072
20,89,14.5072
21,89,14.5072
1,88,6.97079
2,88,10.8764
3,88,13.1545
4,88,14.4309
5,88,15.0729
6,88,15.3416
7,88,15.4353
8,88,15.4578
9,88,15.4617
10,88,15.4621
11,88,15.4621
12,88,15.4621
13,88,15.4621
14,88,15.4621
15,88,15.4621
16,88,15.4621
17,88,15.4621
18,88,15.4621
19,88,15.4621
20,88,15.4621
21,88,15.4621
1,87,7.28223
2,87,11.4312
3,87,13.9067
4,87,15.3392
5,87,16.0992
6,87,16.4394
7,87,16.5696
8,87,16.6086
9,87,16.6168
10,87,16.618
11,87,16.6182
12,87,16.6182
13,87,16.6182
14,87,16.6182
15,87,16.6182
16,87,16.6182
17,87,16.6182
18,87,16.6182
19,87,16.6182
20,87,16.6182
21,87,16.6182
1,86,7.31923
2,86,11.5461
3,86,14.1165
4,86,15.6454
5,86,16.4857
6,86,16.895
7,86,17.0611
8,86,17.1158
9,86,17.1292
10,86,17.1316
11,86,17.132
12,86,17.132
13,86,17.132
14,86,17.132
15,86,17.132
16,86,17.132
17,86,17.132
18,86,17.132
19,86,17.132
20,86,17.132
21,86,17.132
1,85,7.39262
2,85,11.7436
3,85,14.4524
4,85,16.1131
5,85,17.0712
6,85,17.5603
7,85,17.7833
8,85,17.8664
9,85,17.8904
10,85,17.8956
11,85,17.8964
12,85,17.8965
13,85,17.8965
14,85,17.8965
15,85,17.8965
16,85,17.8965
17,85,17.8965
18,85,17.8965
19,85,17.8965
20,85,17.8965
21,85,17.8965
1,84,7.57314
2,84,12.0927
3,84,14.9495
4,84,16.7375
5,84,17.7967
6,84,18.3665
7,84,18.6371
8,84,18.7452
9,84,18.7797
10,84,18.7883
11,84,18.7899
12,84,18.7902
13,84,18.7902
14,84,18.7902
15,84,18.7902
16,84,18.7902
17,84,18.7902
18,84,18.7902
19,84,18.7902
20,84,18.7902
21,84,18.7902
1,83,8.13393
2,83,12.948
3,83,16.0265
4,83,17.9861
5,83,19.1766
6,83,19.8437
7,83,20.1738
8,83,20.3186
9,83,20.37
10,83,20.3845
11,83,20.3877
12,83,20.3882
13,83,20.3883
14,83,20.3883
15,83,20.3883
16,83,20.3883
17,83,20.3883
18,83,20.3883
19,83,20.3883
20,83,20.3883
21,83,20.3883
1,82,8.25265
2,82,13.2151
3,82,16.4339
4,82,18.5217
5,82,19.821
6,82,20.5767
7,82,20.966
8,82,21.1508
9,82,21.2223
10,82,21.2447
11,82,21.2503
12,82,21.2515
13,82,21.2516
14,82,21.2517
15,82,21.2517
16,82,21.2517
17,82,21.2517
18,82,21.2517
19,82,21.2517
20,82,21.2517
21,82,21.2517
1,81,8.70515
2,81,13.9551
3,81,17.3964
4,81,19.6615
5,81,21.1046
6,81,21.9663
7,81,22.4372
8,81,22.6675
9,81,22.7642
10,81,22.7976
11,81,22.807
12,81,22.8091
13,81,22.8095
14,81,22.8095
15,81,22.8095
16,81,22.8095
17,81,22.8095
18,81,22.8095
19,81,22.8095
20,81,22.8095
21,81,22.8095
1,80,9.31509
2,80,14.9648
3,80,18.7085
4,80,21.2198
5,80,22.8592
6,80,23.8765
7,80,24.4578
8,80,24.7626
9,80,24.9006
10,80,24.9536
11,80,24.9704
12,80,24.9748
13,80,24.9757
14,80,24.9759
15,80,24.9759
16,80,24.9759
17,80,24.9759
18,80,24.9759
19,80,24.9759
20,80,24.9759
21,80,24.9759
1,79,9.34067
2,79,15.0698
3,79,18.927
4,79,21.5744
5,79,23.3541
6,79,24.5019
7,79,25.2042
8,79,25.5943
9,79,25.7838
10,79,25.863
11,79,25.8909
12,79,25.8992
13,79,25.9011
14,79,25.9015
15,79,25.9016
16,79,25.9016
17,79,25.9016
18,79,25.9016
19,79,25.9016
20,79,25.9016
21,79,25.9016
1,78,9.37525
2,78,15.1808
3,78,19.1291
4,78,21.8713
5,78,23.7468
6,78,24.9807
7,78,25.7577
8,78,26.2002
9,78,26.4333
10,78,26.538
11,78,26.5778
12,78,26.5906
13,78,26.594
14,78,26.5948
15,78,26.5949
16,78,26.5949
17,78,26.5949
18,78,26.5949
19,78,26.5949
20,78,26.5949
21,78,26.5949
1,77,9.59462
2,77,15.6517
3,77,19.8325
4,77,22.7832
5,77,24.8443
6,77,26.2468
7,77,27.1491
8,77,27.7018
9,77,28.0039
10,77,28.1509
11,77,28.2121
12,77,28.2338
13,77,28.2403
14,77,28.2419
15,77,28.2423
16,77,28.2423
17,77,28.2423
18,77,28.2423
19,77,28.2423
20,77,28.2423
21,77,28.2423
1,76,10.0313
2,76,16.4296
3,76,20.8879
4,76,24.0748
5,76,26.3369
6,76,27.9049
7,76,28.9531
8,76,29.6092
9,76,29.9882
10,76,30.1892
11,76,30.2803
12,76,30.3157
13,76,30.3275
14,76,30.3308
15,76,30.3316
16,76,30.3318
17,76,30.3318
18,76,30.3318
19,76,30.3318
20,76,30.3318
21,76,30.3318
1,75,11.0607
2,75,17.9837
3,75,22.8242
4,75,26.3125
5,75,28.822
6,75,30.5911
7,75,31.8048
8,75,32.5866
9,75,33.0645
10,75,33.329
11,75,33.4593
12,75,33.5146
13,75,33.5348
14,75,33.5412
15,75,33.5429
16,75,33.5433
17,75,33.5433
18,75,33.5433
19,75,33.5433
20,75,33.5433
21,75,33.5433
1,74,11.5181
2,74,18.7707
3,74,23.8587
4,74,27.5502
5,74,30.2295
6,74,32.1405
7,74,33.4733
8,74,34.3504
9,74,34.9025
10,74,35.2192
11,74,35.3823
12,74,35.4559
13,74,35.4847
14,74,35.4944
15,74,35.4973
16,74,35.498
17,74,35.4981
18,74,35.4982
19,74,35.4982
20,74,35.4982
21,74,35.4982
1,73,11.6279
2,73,19.0581
3,73,24.3261
4,73,28.1946
5,73,31.0397
6,73,33.1018
7,73,34.5705
8,73,35.5655
9,73,36.2135
10,73,36.5995
11,73,36.8079
12,73,36.9079
13,73,36.9521
14,73,36.9689
15,73,36.9743
16,73,36.9758
17,73,36.9761
18,73,36.9762
19,73,36.9762
20,73,36.9762
21,73,36.9762
1,72,11.6535
2,72,19.1456
3,72,24.4906
4,72,28.4429
5,72,31.3752
6,72,33.5207
7,72,35.074
8,72,36.1401
9,72,36.8544
10,72,37.2905
11,72,37.5328
12,72,37.6535
13,72,37.7099
14,72,37.7338
15,72,37.7421
16,72,37.7446
17,72,37.7452
18,72,37.7454
19,72,37.7454
20,72,37.7454
21,72,37.7454
1,71,11.7352
2,71,19.3561
3,71,24.8331
4,71,28.9123
5,71,31.9674
6,71,34.2274
7,71,35.8867
8,71,37.0428
9,71,37.8378
10,71,38.3377
11,71,38.6245
12,71,38.7732
13,71,38.846
14,71,38.8792
15,71,38.892
16,71,38.8962
17,71,38.8973
18,71,38.8976
19,71,38.8977
20,71,38.8977
21,71,38.8977
1,70,11.7417
2,70,19.3895
3,70,24.9117
4,70,29.0478
5,70,32.1708
6,70,34.5093
7,70,36.2453
8,70,37.4785
9,70,38.3409
10,70,38.9082
11,70,39.2436
12,70,39.4238
13,70,39.5139
14,70,39.5561
15,70,39.5736
16,70,39.5797
17,70,39.5816
18,70,39.5821
19,70,39.5822
20,70,39.5822
21,70,39.5822
1,69,11.7546
2,69,19.4386
3,69,25.0094
4,69,29.2021
5,69,32.3855
6,69,34.7843
7,69,36.5826
8,69,37.8744
9,69,38.7899
10,69,39.3994
11,69,39.7717
12,69,39.9826
13,69,40.0906
14,69,40.1423
15,69,40.1647
16,69,40.173
17,69,40.1757
18,69,40.1765
19,69,40.1767
20,69,40.1767
21,69,40.1767
1,68,11.7624
2,68,19.4763
3,68,25.0953
4,68,29.3482
5,68,32.6014
6,68,35.078
7,68,36.9488
8,68,38.3249
9,68,39.3029
10,68,39.9851
11,68,40.4155
12,68,40.6659
13,68,40.7991
14,68,40.8646
15,68,40.8942
16,68,40.906
17,68,40.9101
18,68,40.9113
19,68,40.9116
20,68,40.9117
21,68,40.9117
1,67,11.9224
2,67,19.7897
3,67,25.5388
4,67,29.9051
5,67,33.2589
6,67,35.8244
7,67,37.7769
8,67,39.2219
9,67,40.2635
10,67,40.9929
11,67,41.4644
12,67,41.7488
13,67,41.904
14,67,41.9823
15,67,42.0186
16,67,42.0338
17,67,42.0393
18,67,42.0411
19,67,42.0416
20,67,42.0417
21,67,42.0417
1,66,11.9645
2,66,19.9171
3,66,25.7667
4,66,30.2401
5,66,33.7009
6,66,36.3718
7,66,38.4219
8,66,39.9669
9,66,41.093
10,66,41.8941
11,66,42.4367
12,66,42.7726
13,66,42.9634
14,66,43.0629
15,66,43.1108
16,66,43.1318
17,66,43.14
18,66,43.1428
19,66,43.1436
20,66,43.1439
21,66,43.1439
1,65,12.1165
2,65,20.2467
3,65,26.2614
4,65,30.8839
5,65,34.4835
6,65,37.2849
7,65,39.4506
8,65,41.1005
9,65,42.3214
10,65,43.2044
11,65,43.8122
12,65,44.2002
13,65,44.4335
14,65,44.5609
15,65,44.6245
16,65,44.6537
17,65,44.6659
18,65,44.6703
19,65,44.6718
20,65,44.6722
21,65,44.6723
1,64,12.2498
2,64,20.5527
3,64,26.7366
4,64,31.5169
5,64,35.2673
6,64,38.2109
7,64,40.5112
8,64,42.2761
9,64,43.613
10,64,44.5873
11,64,45.2742
12,64,45.7354
13,64,46.0202
14,64,46.1828
15,64,46.2677
16,64,46.3084
17,64,46.3262
18,64,46.3332
19,64,46.3356
20,64,46.3364
21,64,46.3366
1,63,12.2956
2,63,20.6759
3,63,26.9467
4,63,31.8155
5,63,35.6537
6,63,38.6849
7,63,41.0668
8,63,42.9121
9,63,44.3199
10,63,45.3642
11,63,46.1066
12,63,46.613
13,63,46.9416
14,63,47.1345
15,63,47.2387
16,63,47.2903
17,63,47.3138
18,63,47.3235
19,63,47.3271
20,63,47.3282
21,63,47.3286
1,62,12.344
2,62,20.805
3,62,27.1664
4,62,32.1283
5,62,36.0587
6,62,39.1813
7,62,41.6484
8,62,43.5799
9,62,45.062
10,62,46.1814
11,62,46.9861
12,62,47.5414
13,62,47.9164
14,62,48.1453
15,62,48.2731
16,62,48.3387
17,62,48.3696
18,62,48.383
19,62,48.3882
20,62,48.39
21,62,48.3905
1,61,12.4258
2,61,21.0099
3,61,27.502
4,61,32.5967
5,61,36.6564
6,61,39.9023
7,61,42.4913
8,61,44.5379
9,61,46.1258
10,61,47.3383
11,61,48.2368
12,61,48.8665
13,61,49.2952
14,61,49.5688
15,61,49.7348
16,61,49.8238
17,61,49.8678
18,61,49.8878
19,61,49.8961
20,61,49.8992
21,61,49.9002
1,60,12.5348
2,60,21.2542
3,60,27.8819
4,60,33.1069
5,60,37.2906
6,60,40.6556
7,60,43.354
8,60,45.5066
9,60,47.1907
10,60,48.4939
11,60,49.4682
12,60,50.1684
13,60,50.657
14,60,50.9769
15,60,51.1749
16,60,51.2868
17,60,51.3443
18,60,51.3714
19,60,51.3832
20,60,51.3878
21,60,51.3895
1,59,12.6447
2,59,21.4955
3,59,28.2532
4,59,33.6053
5,59,37.9087
6,59,41.3868
7,59,44.1903
8,59,46.4467
9,59,48.2217
10,59,49.6137
11,59,50.6664
12,59,51.432
13,59,51.9794
14,59,52.3487
15,59,52.5824
16,59,52.7196
17,59,52.793
18,59,52.829
19,59,52.8453
20,59,52.852
21,59,52.8545
1,58,12.8056
2,58,21.8086
3,58,28.7055
4,58,34.1863
5,58,38.6073
6,58,42.1941
7,58,45.0963
8,58,47.4478
9,58,49.3075
10,58,50.7791
11,58,51.9023
12,58,52.7288
13,58,53.3302
14,58,53.7436
15,58,54.0109
16,58,54.172
17,58,54.2612
18,58,54.3065
19,58,54.3277
20,58,54.3368
21,58,54.3403
1,57,13.1699
2,57,22.4208
3,57,29.5224
4,57,35.1777
5,57,39.7529
6,57,43.4789
7,57,46.5066
8,57,48.9675
9,57,50.934
10,57,52.494
11,57,53.6982
12,57,54.6022
13,57,55.2624
14,57,55.7249
15,57,56.0304
16,57,56.2197
17,57,56.3304
18,57,56.3889
19,57,56.4173
20,57,56.43
21,57,56.4352
1,56,13.3571
2,56,22.791
3,56,30.0602
4,56,35.8678
5,56,40.5865
6,56,44.4432
7,56,47.5986
8,56,50.1728
9,56,52.2469
10,56,53.9026
11,56,55.199
12,56,56.1807
13,56,56.9078
14,56,57.4313
15,56,57.7851
16,56,58.0102
17,56,58.1452
18,56,58.2197
19,56,58.2574
20,56,58.2749
21,56,58.2824
1,55,13.529
2,55,23.1062
3,55,30.5005
4,55,36.4196
5,55,41.2398
6,55,45.189
7,55,48.4295
8,55,51.0833
9,55,53.2282
10,55,54.9518
11,55,56.3076
12,55,57.3424
13,55,58.1187
14,55,58.6814
15,55,59.068
16,55,59.318
17,55,59.4703
18,55,59.5565
19,55,59.6013
20,55,59.6228
21,55,59.6325
1,54,13.5612
2,54,23.1977
3,54,30.6639
4,54,36.6605
5,54,41.5613
6,54,45.5948
7,54,48.9202
8,54,51.6522
9,54,53.8836
10,54,55.6789
11,54,57.1147
12,54,58.2206
13,54,59.0541
14,54,59.6731
15,54,60.1105
16,54,60.3998
17,54,60.5803
18,54,60.6856
19,54,60.7424
20,54,60.7705
21,54,60.7837
1,53,13.5716
2,53,23.2373
3,53,30.7468
4,53,36.7986
5,53,41.7615
6,53,45.8643
7,53,49.2616
8,53,52.0693
9,53,54.3803
10,53,56.2538
11,53,57.7612
12,53,58.9503
13,53,59.8525
14,53,60.5255
15,53,61.0185
16,53,61.3603
17,53,61.5794
18,53,61.7114
19,53,61.7853
20,53,61.8236
21,53,61.8421
1,52,13.9067
2,52,23.812
3,52,31.5168
4,52,37.7359
5,52,42.8488
6,52,47.085
7,52,50.6071
8,52,53.5274
9,52,55.939
10,52,57.9087
11,52,59.5011
12,52,60.7641
13,52,61.7404
14,52,62.4744
15,52,63.0153
16,52,63.3973
17,52,63.6491
18,52,63.8042
19,52,63.8955
20,52,63.9447
21,52,63.9692
1,51,13.9134
2,51,23.8401
3,51,31.5781
4,51,37.8415
5,51,43.0056
6,51,47.2995
7,51,50.8821
8,51,53.8691
9,51,56.3496
10,51,58.3894
11,51,60.047
12,51,61.3847
13,51,62.4261
14,51,63.215
15,51,63.8125
16,51,64.246
17,51,64.5399
18,51,64.7264
19,51,64.8384
20,51,64.9012
21,51,64.9337
1,50,13.9671
2,50,23.9673
3,50,31.7824
4,50,38.1233
5,50,43.3627
6,50,47.7309
7,50,51.3847
8,50,54.4395
9,50,56.9879
10,50,59.0899
11,50,60.8082
12,50,62.202
13,50,63.2953
14,50,64.1313
15,50,64.7704
16,50,65.2396
17,50,65.5639
18,50,65.7738
19,50,65.902
20,50,65.9755
21,50,66.0146
1,49,14.1478
2,49,24.3231
3,49,32.2986
4,49,38.7881
5,49,44.1655
6,49,48.6619
7,49,52.4338
8,49,55.6054
9,49,58.2562
10,49,60.4621
11,49,62.2697
12,49,63.7493
13,49,64.9255
14,49,65.8325
15,49,66.526
16,49,67.0505
17,49,67.4222
18,49,67.6695
19,49,67.8245
20,49,67.9159
21,49,67.9663
1,48,14.4579
2,48,24.8605
3,48,33.013
4,48,39.6547
5,48,45.1668
6,48,49.7841
7,48,53.6645
8,48,56.9384
9,48,59.6809
10,48,61.973
11,48,63.8578
12,48,65.4091
13,48,66.6523
14,48,67.6187
15,48,68.3619
16,48,68.9288
17,48,69.339
18,48,69.6176
19,48,69.7957
20,48,69.9031
21,48,69.9638
1,47,14.5057
2,47,24.9735
3,47,33.1951
4,47,39.9049
5,47,45.4854
6,47,50.1688
7,47,54.1139
8,47,57.4513
9,47,60.2521
10,47,62.6047
11,47,64.5441
12,47,66.147
13,47,67.4413
14,47,68.4537
15,47,69.2349
16,47,69.838
17,47,70.2803
18,47,70.5859
19,47,70.7846
20,47,70.9065
21,47,70.9768
1,46,14.5515
2,46,25.0917
3,46,33.3944
4,46,40.1911
5,46,45.8583
6,46,50.6293
7,46,54.6609
8,46,58.0802
9,46,60.9684
10,46,63.3974
11,46,65.42
12,46,67.0955
13,46,68.4564
14,46,69.5414
15,46,70.3857
16,46,71.0374
17,46,71.5235
18,46,71.8664
19,46,72.0958
20,46,72.2442
21,46,72.3323
1,45,14.558
2,45,25.1158
3,45,33.4444
4,45,40.2734
5,45,45.977
6,45,50.7889
7,45,54.8643
8,45,58.3256
9,45,61.2641
10,45,63.7367
11,45,65.8123
12,45,67.5335
13,45,68.9385
14,45,70.0739
15,45,70.9622
16,45,71.6491
17,45,72.1655
18,45,72.5395
19,45,72.7977
20,45,72.9666
21,45,73.07
1,44,14.5623
2,44,25.1339
3,44,33.4849
4,44,40.3423
5,44,46.0794
6,44,50.9305
7,44,55.0501
8,44,58.5563
9,44,61.5423
10,44,64.0652
11,44,66.1924
12,44,67.9597
13,44,69.421
14,44,70.6066
15,44,71.5408
16,44,72.2651
17,44,72.826
18,44,73.238
19,44,73.5269
20,44,73.7196
21,44,73.8404
1,43,14.5744
2,43,25.1721
3,43,33.5575
4,43,40.4538
5,43,46.234
6,43,51.1297
7,43,55.2956
8,43,58.8514
9,43,61.8823
10,43,64.4575
11,43,66.6293
12,43,68.4467
13,43,69.9541
14,43,71.1812
15,43,72.1575
16,43,72.924
17,43,73.5178
18,43,73.9597
19,43,74.2734
20,43,74.4855
21,43,74.6207
1,42,14.7599
2,42,25.5342
3,42,34.0826
4,42,41.1287
5,42,47.0472
6,42,52.0735
7,42,56.3623
8,42,60.0297
9,42,63.1729
10,42,65.8466
11,42,68.1194
12,42,70.0274
13,42,71.6147
14,42,72.9265
15,42,73.9786
16,42,74.8086
17,42,75.4546
18,42,75.9468
19,42,76.3063
20,42,76.5547
21,42,76.7174
1,41,14.7658
2,41,25.5566
3,41,34.1296
4,41,41.2077
5,41,47.1627
6,41,52.2297
7,41,56.5618
8,41,60.2749
9,41,63.4675
10,41,66.1896
11,41,68.5135
12,41,70.4742
13,41,72.1078
14,41,73.4708
15,41,74.5755
16,41,75.4504
17,41,76.1337
18,41,76.6583
19,41,77.0555
20,41,77.3354
21,41,77.5224
1,40,14.7696
2,40,25.5734
3,40,34.1686
4,40,41.2761
5,40,47.2665
6,40,52.3751
7,40,56.7543
8,40,60.5151
9,40,63.7623
10,40,66.5377
11,40,68.9225
12,40,70.9387
13,40,72.6341
14,40,74.0573
15,40,75.2195
16,40,76.1455
17,40,76.8836
18,40,77.4595
19,40,77.8979
20,40,78.2158
21,40,78.4329
1,39,14.7847
2,39,25.6174
3,39,34.2485
4,39,41.3955
5,39,47.4273
6,39,52.5793
7,39,57.0027
8,39,60.8059
9,39,64.099
10,39,66.9168
11,39,69.3467
12,39,71.4061
13,39,73.1412
14,39,74.6062
15,39,75.8084
16,39,76.7706
17,39,77.5382
18,39,78.1467
19,39,78.6127
20,39,78.9547
21,39,79.192
1,38,15.0341
2,38,26.0624
3,38,34.8425
4,38,42.1168
5,38,48.2612
6,38,53.5151
7,38,58.0322
8,38,61.9202
9,38,65.2922
10,38,68.1838
11,38,70.6821
12,38,72.8069
13,38,74.6016
14,38,76.1208
15,38,77.3759
16,38,78.3864
17,38,79.1947
18,38,79.8397
19,38,80.3383
20,38,80.7088
21,38,80.9701
1,37,15.0404
2,37,26.0864
3,37,34.8931
4,37,42.2001
5,37,48.3829
6,37,53.6783
7,37,58.2392
8,37,62.1781
9,37,65.596
10,37,68.5431
11,37,71.0869
12,37,73.2704
13,37,75.1182
14,37,76.6818
15,37,77.9928
16,37,79.0583
17,37,79.9121
18,37,80.5938
19,37,81.1253
20,37,81.533
21,37,81.8285
1,36,15.0527
2,36,26.1253
3,36,34.968
4,36,42.316
5,36,48.543
6,36,53.8859
7,36,58.4967
8,36,62.4843
9,36,65.9543
10,36,68.9511
11,36,71.5488
12,36,73.7805
13,36,75.6812
14,36,77.2956
15,36,78.6517
16,36,79.761
17,36,80.663
18,36,81.3857
19,36,81.9531
20,36,82.3903
21,36,82.7126
1,35,15.06
2,35,26.1496
3,35,35.0161
4,35,42.3911
5,35,48.6481
6,35,54.0237
7,35,58.6695
8,35,62.6922
9,35,66.1979
10,35,69.2316
11,35,71.8666
12,35,74.1324
13,35,76.0729
14,35,77.7235
15,35,79.1122
16,35,80.2554
17,35,81.1928
18,35,81.9462
19,35,82.5401
20,35,82.9996
21,35,83.3416
1,34,15.1013
2,34,26.2443
3,34,35.1664
4,34,42.5968
5,34,48.908
6,34,54.336
7,34,59.0319
8,34,63.1064
9,34,66.6588
10,34,69.7409
11,34,72.4181
12,34,74.7306
13,34,76.7122
14,34,78.4007
15,34,79.8302
16,34,81.0116
17,34,81.981
18,34,82.7631
19,34,83.3855
20,34,83.8708
21,34,84.2352
1,33,15.1179
2,33,26.2904
3,33,35.248
4,33,42.7163
5,33,49.0678
6,33,54.5362
7,33,59.273
8,33,63.391
9,33,66.9821
10,33,70.1083
11,33,72.8235
12,33,75.178
13,33,77.1997
14,33,78.9238
15,33,80.3906
16,33,81.6109
17,33,82.6136
18,33,83.4251
19,33,84.0726
20,33,84.5844
21,33,84.9734
1,32,15.1402
2,32,26.3553
3,32,35.3657
4,32,42.8932
5,32,49.3074
6,32,54.8403
7,32,59.6415
8,32,63.8293
9,32,67.4868
10,32,70.6818
11,32,73.4612
12,32,75.8857
13,32,77.9721
14,32,79.7577
15,32,81.2901
16,32,82.5731
17,32,83.6313
18,32,84.4914
19,32,85.1917
20,32,85.7488
21,32,86.1788
1,31,15.1523
2,31,26.3922
3,31,35.4345
4,31,42.9987
5,31,49.452
6,31,55.026
7,31,59.8691
8,31,64.1005
9,31,67.8026
10,31,71.0413
11,31,73.8653
12,31,76.3343
13,31,78.463
14,31,80.2932
15,31,81.8677
16,31,83.1923
17,31,84.2879
18,31,85.186
19,31,85.9217
20,31,86.5105
21,31,86.9686
1,30,15.1613
2,30,26.4227
3,30,35.4957
4,30,43.096
5,30,49.5896
6,30,55.2079
7,30,60.0985
8,30,64.3759
9,30,68.1306
10,30,71.4173
11,30,74.2977
12,30,76.8151
13,30,78.9982
14,30,80.884
15,30,82.5061
16,30,83.8773
17,30,85.0289
18,30,85.9773
19,30,86.7544
20,30,87.3807
21,30,87.8721
1,29,15.1832
2,29,26.4858
3,29,35.6095
4,29,43.2654
5,29,49.8186
6,29,55.4975
7,29,60.4504
8,29,64.7939
9,29,68.6083
10,29,71.9639
11,29,74.9041
12,29,77.4872
13,29,79.7348
14,29,81.678
15,29,83.3609
16,29,84.7955
17,29,86.0027
18,29,87.0025
19,29,87.8236
20,29,88.4999
21,29,89.0361
1,28,15.2075
2,28,26.5455
3,28,35.708
4,28,43.4045
5,28,49.9979
6,28,55.7169
7,28,60.7092
8,28,65.0916
9,28,68.9454
10,28,72.3379
11,28,75.3158
12,28,77.9351
13,28,80.2168
14,28,82.1962
15,28,83.9123
16,28,85.3786
17,28,86.6148
18,28,87.646
19,28,88.4958
20,28,89.1954
21,28,89.7541
1,27,15.3089
2,27,26.7549
3,27,36.0213
4,27,43.8175
5,27,50.5051
6,27,56.3138
7,27,61.391
8,27,65.8564
9,27,69.7894
10,27,73.2576
11,27,76.3081
12,27,78.9983
13,27,81.3466
14,27,83.3912
15,27,85.1699
16,27,86.6957
17,27,87.9867
18,27,89.0707
19,27,89.9725
20,27,90.7152
21,27,91.3143
1,26,15.3233
2,26,26.7935
3,26,36.089
4,26,43.9159
5,26,50.6355
6,26,56.4774
7,26,61.5889
8,26,66.0867
9,26,70.0544
10,26,73.5549
11,26,76.6405
12,26,79.361
13,26,81.7436
14,26,83.8212
15,26,85.6289
16,26,87.1837
17,26,88.5076
18,26,89.6207
19,26,90.5481
20,26,91.3131
21,26,91.9324
1,25,15.5544
2,25,27.2278
3,25,36.6891
4,25,44.6609
5,25,51.5135
6,25,57.4781
7,25,62.7061
8,25,67.3102
9,25,71.3777
10,25,74.9738
11,25,78.15
12,25,80.9515
13,25,83.4197
14,25,85.5745
15,25,87.4505
16,25,89.0776
17,25,90.4694
18,25,91.6444
19,25,92.6263
20,25,93.4391
21,25,94.1077
1,24,15.9225
2,24,27.9173
3,24,37.5802
4,24,45.7186
5,24,52.7165
6,24,58.812
7,24,64.1599
8,24,68.8723
9,24,73.0396
10,24,76.729
11,24,79.9929
12,24,82.8737
13,24,85.42
14,24,87.6483
15,24,89.5897
16,24,91.2813
17,24,92.735
18,24,93.9671
19,24,94.9999
20,24,95.8581
21,24,96.5693
1,23,15.9379
2,23,27.9623
3,23,37.6652
4,23,45.8476
5,23,52.8921
6,23,59.037
7,23,64.4362
8,23,69.1989
9,23,73.4203
10,23,77.1609
11,23,80.4803
12,23,83.4111
13,23,86.0117
14,23,88.2944
15,23,90.285
16,23,92.0256
17,23,93.5328
18,23,94.8147
19,23,95.8923
20,23,96.7898
21,23,97.5408
1,22,15.9968
2,22,28.0965
3,22,37.8813
4,22,46.145
5,22,53.2684
6,22,59.4905
7,22,64.9649
8,22,69.8007
9,22,74.0958
10,22,77.9043
11,22,81.2942
12,22,84.2925
13,22,86.9527
14,22,89.3035
15,22,91.3565
16,22,93.1506
17,22,94.7149
18,22,96.0562
19,22,97.1875
20,22,98.1324
21,22,98.9219
1,21,16.0428
2,21,28.1995
3,21,38.0452
4,21,46.3676
5,21,53.5487
6,21,59.8263
7,21,65.3537
8,21,70.2444
9,21,74.5901
10,21,78.4497
11,21,81.8864
12,21,84.935
13,21,87.6386
14,21,90.0337
15,21,92.1335
16,21,93.9682
17,21,95.5687
18,21,96.9509
19,21,98.1225
20,21,99.1032
21,21,99.9226
1,20,16.0565
2,20,28.239
3,20,38.1188
4,20,46.4798
5,20,53.7016
6,20,60.022
7,20,65.5934
8,20,70.5281
9,20,74.9212
10,20,78.8249
11,20,82.3102
12,20,85.4051
13,20,88.1534
14,20,90.5967
15,20,92.7426
16,20,94.6187
17,20,96.2656
18,20,97.6925
19,20,98.9074
20,20,99.9272
21,20,100.78
1,19,16.0646
2,19,28.2635
3,19,38.1661
4,19,46.5534
5,19,53.8033
6,19,60.1539
7,19,65.7571
8,19,70.723
9,19,75.1506
10,19,79.0871
11,19,82.6078
12,19,85.7357
13,19,88.5201
14,19,90.9978
15,19,93.1772
16,19,95.0879
17,19,96.7692
18,19,98.2292
19,19,99.4759
20,19,100.525
21,19,101.409
1,18,16.3712
2,18,28.8714
3,18,38.9562
4,18,47.4838
5,18,54.8553
6,18,61.3141
7,18,67.0163
8,18,72.0723
9,18,76.5802
10,18,80.5958
11,18,84.1858
12,18,87.3818
13,18,90.2299
14,18,92.7644
15,18,95.0011
16,18,96.9674
17,18,98.6961
18,18,100.202
19,18,101.493
20,18,102.588
21,18,103.51
1,17,16.4925
2,17,29.122
3,17,39.3107
4,17,47.9257
5,17,55.3769
6,17,61.9078
7,17,67.6787
8,17,72.7992
9,17,77.3646
10,17,81.4392
11,17,85.0806
12,17,88.3295
13,17,91.226
14,17,93.8043
15,17,96.0877
16,17,98.0974
17,17,99.8643
18,17,101.406
19,17,102.736
20,17,103.868
21,17,104.822
1,16,16.5317
2,16,29.2161
3,16,39.4711
4,16,48.1519
5,16,55.6688
6,16,62.2645
7,16,68.0986
8,16,73.2838
9,16,77.9125
10,16,82.0477
11,16,85.7505
12,16,89.0597
13,16,92.0107
14,16,94.6498
15,16,96.9896
16,16,99.0517
17,16,100.871
18,16,102.467
19,16,103.847
20,16,105.026
21,16,106.022
1,15,16.561
2,15,29.2876
3,15,39.5941
4,15,48.3272
5,15,55.8964
6,15,62.5443
7,15,68.4297
8,15,73.6665
9,15,78.3471
10,15,82.5314
11,15,86.285
12,15,89.6432
13,15,92.6408
14,15,95.3284
15,15,97.7148
16,15,99.8201
17,15,101.685
18,15,103.324
19,15,104.747
20,15,105.964
21,15,106.997
1,14,16.5656
2,14,29.3033
3,14,39.6279
4,14,48.3835
5,14,55.9779
6,14,62.6538
7,14,68.5698
8,14,73.8375
9,14,78.5525
10,14,82.7712
11,14,86.5615
12,14,89.9534
13,14,92.9927
14,14,95.7166
15,14,98.1384
16,14,100.287
17,14,102.191
18,14,103.866
19,14,105.324
20,14,106.582
21,14,107.656
1,13,16.5842
2,13,29.3522
3,13,39.7172
4,13,48.5161
5,13,56.1546
6,13,62.8767
7,13,68.8402
8,13,74.1549
9,13,78.917
10,13,83.1845
11,13,87.0216
12,13,90.46
13,13,93.5488
14,13,96.317
15,13,98.7838
16,13,100.982
17,13,102.93
18,13,104.646
19,13,106.145
20,13,107.449
21,13,108.566
1,12,16.5864
2,12,29.3601
3,12,39.7349
4,12,48.5462
5,12,56.1989
6,12,62.9372
7,12,68.9187
8,12,74.2521
9,12,79.0342
10,12,83.3229
11,12,87.1819
12,12,90.6417
13,12,93.7554
14,12,96.5463
15,12,99.0355
16,12,101.26
17,12,103.233
18,12,104.973
19,12,106.493
20,12,107.824
21,12,108.967
1,11,16.5979
2,11,29.3926
3,11,39.7982
4,11,48.6424
5,11,56.3317
6,11,63.1073
7,11,69.1283
8,11,74.5037
9,11,79.3245
10,11,83.6578
11,11,87.5555
12,11,91.0618
13,11,94.2165
14,11,97.047
15,11,99.5832
16,11,101.849
17,11,103.861
18,11,105.641
19,11,107.207
20,11,108.577
21,11,109.758
1,10,16.6302
2,10,29.4714
3,10,39.9335
4,10,48.8348
5,10,56.5819
6,10,63.4147
7,10,69.4913
8,10,74.9255
9,10,79.8024
10,10,84.1914
11,10,88.1435
12,10,91.7059
13,10,94.911
14,10,97.7963
15,10,100.385
16,10,102.7
17,10,104.76
18,10,106.592
19,10,108.206
20,10,109.62
21,10,110.844
1,9,16.7328
2,9,29.6911
3,9,40.2537
4,9,49.2449
5,9,57.0747
6,9,63.9843
7,9,70.1324
8,9,75.6361
9,9,80.579
10,9,85.0299
11,9,89.0424
12,9,92.6628
13,9,95.921
14,9,98.8613
15,9,101.502
16,9,103.864
17,9,105.972
18,9,107.851
19,9,109.509
20,9,110.964
21,9,112.227
1,8,16.7341
2,8,29.6964
3,8,40.2669
4,8,49.2688
5,8,57.1113
6,8,64.0363
7,8,70.2023
8,8,75.7254
9,8,80.6883
10,8,85.1627
11,8,89.1981
12,8,92.8435
13,8,96.1292
14,8,99.0937
15,8,101.763
16,8,104.156
17,8,106.292
18,8,108.196
19,8,109.887
20,8,111.375
21,8,112.668
1,7,16.7367
2,7,29.7054
3,7,40.2864
4,7,49.3015
5,7,57.1591
6,7,64.1007
7,7,70.2846
8,7,75.8263
9,7,80.8104
10,7,85.3045
11,7,89.3633
12,7,93.0303
13,7,96.3386
14,7,99.3279
15,7,102.02
16,7,104.435
17,7,106.598
18,7,108.527
19,7,110.241
20,7,111.75
21,7,113.069
1,6,16.7384
2,6,29.7121
3,6,40.3022
4,6,49.3295
5,6,57.2014
6,6,64.16
7,6,70.363
8,6,75.9246
9,6,80.931
10,6,85.4484
11,6,89.5322
12,6,93.2229
13,6,96.5608
14,6,99.5764
15,6,102.294
16,6,104.742
17,6,106.935
18,6,108.892
19,6,110.63
20,6,112.174
21,6,113.526
1,5,16.9835
2,5,30.2401
3,5,41.0093
4,5,50.1716
5,5,58.1588
6,5,65.2197
7,5,71.5153
8,5,77.1609
9,5,82.2475
10,5,86.8365
11,5,90.9908
12,5,94.7458
13,5,98.1444
14,5,101.219
15,5,103.991
16,5,106.489
17,5,108.734
18,5,110.739
19,5,112.523
20,5,114.106
21,5,115.501
1,4,16.9894
2,4,30.2577
3,4,41.046
4,4,50.23
5,4,58.2411
6,4,65.3273
7,4,71.6509
8,4,77.3254
9,4,82.4395
10,4,87.0607
11,4,91.2436
12,4,95.0316
13,4,98.4616
14,4,101.565
15,4,104.372
16,4,106.902
17,4,109.177
18,4,111.213
19,4,113.031
20,4,114.647
21,4,116.071
1,3,16.9909
2,3,30.2639
3,3,41.0614
4,3,50.2583
5,3,58.2846
6,3,65.3888
7,3,71.7327
8,3,77.4284
9,3,82.5673
10,3,87.2134
11,3,91.4244
12,3,95.2377
13,3,98.7005
14,3,101.834
15,3,104.669
16,3,107.235
17,3,109.544
18,3,111.612
19,3,113.46
20,3,115.112
21,3,116.574
1,2,16.9982
2,2,30.2847
3,2,41.1024
4,2,50.3226
5,2,58.3733
6,2,65.5035
7,2,71.8748
8,2,77.5979
9,2,82.7653
10,2,87.4404
11,2,91.6808
12,2,95.5224
13,2,99.0165
14,2,102.179
15,2,105.042
16,2,107.64
17,2,109.979
18,2,112.076
19,2,113.95
20,2,115.633
21,2,117.124
1,1,17.2314
2,1,30.8061
3,1,41.8156
4,1,51.1802
5,1,59.3537
6,1,66.5933
7,1,73.0637
8,1,78.8769
9,1,84.1302
10,1,88.8831
11,1,93.1989
12,1,97.1096
13,1,100.67
14,1,103.897
15,1,106.818
16,1,109.471
17,1,111.867
18,1,114.016
19,1,115.939
20,1,117.666
21,1,119.204
